"id","name","x_concept_source","x_concept_code","detailed_type","company_id/id"
"init.hiv_viral_load","HIV VIRAL LOAD","LOINC","10351-5","service",""
"init.hepatitis_c_viral_load","HEPATITIS C VIRAL LOAD","LOINC","11011-4","service",""
"init.hepatitis_c_antibody_plasma","Hepatitis C Antibody(Plasma)","LOINC","16128-1","service",""
"init.alt_serum","ALT(Serum)","LOINC","1742-6","service",""
"init.ast_serum","AST(Serum)","LOINC","1920-8","service",""
"init.hematocrit_whole_blood","Hematocrit(Whole Blood)","LOINC","20570-8","service",""
"init.total_cholesterol_serum","Total Cholesterol(Serum)","LOINC","2093-3","service",""
"init.creatinine_serum","Creatinine(Serum)","LOINC","2160-0","service",""
"init.glucose_whole_blood","Glucose(Whole Blood)","LOINC","2345-7","service",""
"init.urinalysis_2_urine","Urinalysis 2(Urine)","LOINC","24356-8","service",""
"init.triglycerides_plasma","Triglycerides(Plasma)","LOINC","2571-8","service",""
"init.hepatitis_b_viral_load","HEPATITIS B VIRAL LOAD","LOINC","29615-2","service",""
"init.blood_urea_nitrogen_plasma","Blood Urea Nitrogen(Plasma)","LOINC","3094-0","service",""
"init.red_blood_cells","Red Blood Cells","LOINC","32423-2","service",""
"init.white_blood_cells","White blood Cells","LOINC","3432-9","service",""
"init.malaria_rapid_test_whole_blood","Malaria Rapid Test(Whole Blood)","LOINC","51587-4","service",""
"init.hepatitis_b_surface_antigen_plasma","Hepatitis B Surface Antigen(Plasma)","LOINC","5195-3","service",""
"init.complete_blood_count_whole_blood","Complete Blood Count(Whole Blood)","LOINC","58410-2","service",""
"init.monocytes","Monocytes (%)","LOINC","5905-5","service",""
"init.white_blood_cell_count_whole_blood","White Blood Cell Count(Whole Blood)","LOINC","6690-2","service",""
"init.hiv_rapid_test_plasma","HIV Rapid Test(Plasma)","LOINC","68961-2","service",""
"init.hemoglobin_whole_blood","Hemoglobin(Whole Blood)","LOINC","718-7","service",""
"init.lymphocytes_abs","Lymphocytes (Abs)","LOINC","731-0","service",""
"init.lymphocytes","Lymphocytes (%)","LOINC","736-9","service",""
"init.monocytes_abs","Monocytes (Abs)","LOINC","742-7","service",""
"init.platelet_count_whole_blood","Platelet Count(Whole Blood)","LOINC","777-3","service",""
"init.dengue_pcr","DENGUE PCR","LOINC","7855-0","service",""
"init.covid_19_pcr","COVID-19 PCR","LOINC","94500-6","service",""
"init.covid_19_antibody_igm","COVID-19 ANTIBODY IgM","LOINC","94547-7","service",""
"init.anti_er","Anti-ER","","","service",""
"init.anti_gata_3","Anti-Gata 3","","","service",""
"init.anti_her2","Anti-HER2","","","service",""
"init.anti_ki67","Anti-Ki67","","","service",""
"init.anti_muc2","Anti-MUC2","","","service",""
"init.anti_mum1","Anti-MUM1","","","service",""
"init.anti_pr","Anti-PR","","","service",""
"init.anti_pan_keratin","Anti-Pan Keratin","","","service",""
"init.anti_s100","Anti-S100","","","service",""
"init.anti_synaptophysin_sp11","Anti-Synaptophysin (SP11)","","","service",""
"init.anti_thyroid_transcription_factor","Anti-Thyroid Transcription Factor","","","service",""
"init.anti_vimentin","Anti-Vimentin","","","service",""
"init.anti_hepatocyte_specific_antigen_hep_par_1","Anti-hepatocyte Specific Antigen (Hep Par-1)","","","service",""
"init.anti_melanosome_hmb45","Anti-melanosome (HMB45)","","","service",""
"init.anti_p40_bc28","Anti-p40 (BC28)","","","service",""
"init.anti_p63_4a4","Anti-p63 (4A4)","","","service",""
"init.ba","BA#","","","service",""
"init.bcl_2","BCL 2","","","service",""
"init.bcl_6","BCL 6","","","service",""
"init.baso","Baso %","","","service",""
"init.basophiles","Basophiles","","","service",""
"init.basophiles_2","Basophiles (%)","","","service",""
"init.berep4","BerEp4","","","service",""
"init.beta_hcg","Beta HCG","","","service",""
"init.bioline","Bioline","","","service",""
"init.bioline_2","Bioline","","","service",""
"init.bioline_3","Bioline","","","service",""
"init.bioline_4","Bioline","","","service",""
"init.ccmh","CCMH","","","service",""
"init.cd3_percentage_count","CD3 percentage count","","","service",""
"init.cd4","CD4","","","service",""
"init.cd4_absolute_count_mm3","CD4 Absolute count (mm3)","","","service",""
"init.cd4_absolute_count","CD4 absolute count","","","service",""
"init.cd4_percent","CD4 percent  (%)","","","service",""
"init.cd4_percentage_count","CD4 percentage count","","","service",""
"init.cintec_p16_histology","CINtec® p16 Histology","","","service",""
"init.cmch","CMCH","","","service",""
"init.calponin","Calponin","","","service",""
"init.calretinin","Calretinin","","","service",""
"init.cr_atinin_mie","Créatininémie","","","service",""
"init.dna_pcr","DNA PCR","","","service",""
"init.dog1_sp31","DOG1 (SP31)","","","service",""
"init.determine","Determine","","","service",""
"init.determine_2","Determine","","","service",""
"init.eo","EO#","","","service",""
"init.eosinophiles","Eosinophiles","","","service",""
"init.eosinophiles_2","Eosinophiles (%)","","","service",""
"init.gb","GB","","","service",""
"init.got_asat","GOT/ASAT","","","service",""
"init.gpt_alat","GPT/ALAT","","","service",""
"init.gr","GR","","","service",""
"init.genie_ii","Genie II","","","service",""
"init.genie_ii_10","Genie II 10","","","service",""
"init.genie_ii_100","Genie II 100","","","service",""
"init.genie_iii","Genie III","","","service",""
"init.genie_iii_2","Genie III","","","service",""
"init.genie_iii_3","Genie III","","","service",""
"init.glial_fibrillary_acidic_protein","Glial Fibrillary Acidic Protein","","","service",""
"init.glyc_mie","Glycémie","","","service",""
"init.g_notypage","Génotypage","","","service",""
"init.hbsag_hepatitis_b_surface_antigen","HBsAg (Hepatitis B surface antigen)","","","service",""
"init.hct","HCT","","","service",""
"init.hdl_cholesterol","HDL cholesterol","","","service",""
"init.hiv_infant_viral_load","HIV INFANT VIRAL LOAD","","","service",""
"init.hiv_infant_viral_load_2","HIV INFANT VIRAL LOAD","","","service",""
"init.hiv_infant_viral_load_3","HIV INFANT VIRAL LOAD","","","service",""
"init.hiv_rapid_test_hiv","HIV rapid test HIV","","","service",""
"init.hiv_rapid_test_hiv_2","HIV rapid test HIV","","","service",""
"init.hiv_rapid_test_hiv_3","HIV rapid test HIV","","","service",""
"init.hematocrit","Hematocrit","","","service",""
"init.hemoglobin","Hemoglobin","","","service",""
"init.her2_dual_ish","Her2 Dual ISH","","","service",""
"init.histopathology_examination","Histopathology examination","","","service",""
"init.inhibin","Inhibin","","","service",""
"init.innolia","Innolia","","","service",""
"init.integral","Integral","","","service",""
"init.ly","LY#","","","service",""
"init.lymph","Lymph %","","","service",""
"init.mo","MO#","","","service",""
"init.medium_corpuscular_volum","Medium corpuscular volum","","","service",""
"init.mono","Mono %","","","service",""
"init.murex","Murex","","","service",""
"init.murex_2","Murex","","","service",""
"init.murex_3","Murex","","","service",""
"init.myogenin_f5d","Myogenin (F5D)","","","service",""
"init.ne","NE#","","","service",""
"init.napsin_a_mrq_60","Napsin A (MRQ-60)","","","service",""
"init.neut","Neut %","","","service",""
"init.neutrophiles","Neutrophiles","","","service",""
"init.neutrophiles_2","Neutrophiles (%)","","","service",""
"init.p_53","P 53","","","service",""
"init.p24_ag","P24 Ag","","","service",""
"init.p24_ag_2","P24 Ag","","","service",""
"init.plq","PLQ","","","service",""
"init.pax_5","Pax 5","","","service",""
"init.pax_8","Pax 8","","","service",""
"init.platelets","Platelets","","","service",""
"init.proteinuria_dipstick","Proteinuria dipstick","","","service",""
"init.red_blood_cells_count_rbc","Red Blood Cells Count (RBC)","","","service",""
"init.stat_pak","Stat-Pak","","","service",""
"init.stat_pak_2","Stat-Pak","","","service",""
"init.stat_pak_3","Stat-Pak","","","service",""
"init.tcmh","TCMH","","","service",""
"init.tmch","TMCH","","","service",""
"init.thyroglobulin_2h11_6e1","Thyroglobulin (2H11+6E1)","","","service",""
"init.total_cholesterol","Total cholesterol","","","service",""
"init.transaminases_altl","Transaminases ALTL","","","service",""
"init.transaminases_astl","Transaminases ASTL","","","service",""
"init.urine_prenancy_test","Urine prenancy test","","","service",""
"init.vgm","VGM","","","service",""
"init.viral_load","Viral Load","","","service",""
"init.viral_load_2","Viral load","","","service",""
"init.vironostika","Vironostika","","","service",""
"init.vironostika_2","Vironostika","","","service",""
"init.vironostika_3","Vironostika","","","service",""
"init.vironostika_4","Vironostika","","","service",""
"init.western_blot_1","Western Blot 1","","","service",""
"init.western_blot_2","Western Blot 2","","","service",""
"init.western_blot_hiv","Western blot HIV","","","service",""
"init.western_blot_hiv_2","Western blot HIV","","","service",""
"init.white_blood_cells_count_wbc","White Blood Cells Count (WBC)","","","service",""
"init.wilms_tumor_1_protein_wt1","Wilms' tumor 1 protein (WT1)","","","service",""
"init.hb","Hb","","","service",""
"init.p24_ag_3","p24 Ag","","","service",""
"init.amacr_p504_s","AMACR (p504 s)","","","service",""
"init.anti_ema_e29","Anti-EMA (E29)","","","service",""
"init.arv_resistance","ARV resistance","","","service",""
"init.actin_smooth_muscle","Actin Smooth Muscle","","","service",""
"init.albumin","Albumin","","","service",""
"init.amylase","Amylase","","","service",""
"init.anti_cd_3","Anti-CD 3","","","service",""
"init.anti_cd_5","Anti-CD 5","","","service",""
"init.anti_cd10","Anti-CD10","","","service",""
"init.anti_cd15","Anti-CD15","","","service",""
"init.anti_cd20","Anti-CD20","","","service",""
"init.anti_cd22","Anti-CD22","","","service",""
"init.anti_cd30","Anti-CD30","","","service",""
"init.anti_cd34","Anti-CD34","","","service",""
"init.anti_cd45","Anti-CD45","","","service",""
"init.anti_cd56","Anti-CD56","","","service",""
"init.anti_cd7","Anti-CD7","","","service",""
"init.anti_cd79a","Anti-CD79a","","","service",""
"init.anti_cd99_o13","Anti-CD99 (O13)","","","service",""
"init.anti_cdx_2_epr2764y","Anti-CDX-2 (EPR2764Y)","","","service",""
"init.anti_chromogranin_a","Anti-Chromogranin A","","","service",""
"init.anti_cyclin_d1_sp4_r","Anti-Cyclin D1 (SP4-R)","","","service",""
"init.anti_cytokeratin_20","Anti-Cytokeratin 20","","","service",""
"init.anti_cytokeratin_5_6","Anti-Cytokeratin 5/6","","","service",""
"init.anti_cytokeratin_7","Anti-Cytokeratin 7","","","service",""
"init.anti_desmin","Anti-Desmin","","","service",""
"init.anti_e_cadherin","Anti-E-Cadherin","","","service",""
"init.eo_2","Eo %","","","service",""
"init.5_nucleotidase","5° Nucleotidase","LOINC","90000-9","service","init.6f7a8b9c-0d1e-2f3a-4b5c-6d7e8f9a0b1c"
"init.a_s_p_biochimie","A.S.P._Biochimie","LOINC","90001-0","service","init.6f7a8b9c-0d1e-2f3a-4b5c-6d7e8f9a0b1c"
"init.acide_urique","Acide urique","LOINC","90002-1","service","init.6f7a8b9c-0d1e-2f3a-4b5c-6d7e8f9a0b1c"
"init.acide_urique_autres_liquides_de_ponction","Acide urique (Autres liquides de ponction)","LOINC","90003-2","service","init.6f7a8b9c-0d1e-2f3a-4b5c-6d7e8f9a0b1c"
"init.acide_urique_urinaire","Acide urique urinaire","LOINC","90004-3","service","init.6f7a8b9c-0d1e-2f3a-4b5c-6d7e8f9a0b1c"
"init.alat","ALAT","LOINC","90005-4","service","init.6f7a8b9c-0d1e-2f3a-4b5c-6d7e8f9a0b1c"
"init.albumine","Albumine","LOINC","90006-5","service","init.6f7a8b9c-0d1e-2f3a-4b5c-6d7e8f9a0b1c"
"init.albumine_autres_liquides_de_ponction","Albumine (Autres liquides de ponction)","LOINC","90007-6","service","init.6f7a8b9c-0d1e-2f3a-4b5c-6d7e8f9a0b1c"
"init.alpha_foeto_proteine_afp","Alpha-Foeto-Protéine (AFP)","LOINC","90008-7","service","init.6f7a8b9c-0d1e-2f3a-4b5c-6d7e8f9a0b1c"
"init.ammoniemie","Ammoniémie","LOINC","90009-8","service","init.6f7a8b9c-0d1e-2f3a-4b5c-6d7e8f9a0b1c"
"init.amylase_autres_liquides_de_ponction","Amylase (Autres liquides de ponction)","LOINC","90010-0","service","init.6f7a8b9c-0d1e-2f3a-4b5c-6d7e8f9a0b1c"
"init.amylase_urinaire","Amylase urinaire","LOINC","90011-1","service","init.6f7a8b9c-0d1e-2f3a-4b5c-6d7e8f9a0b1c"
"init.antigen_carbohydrate_ca_15_3","Antigen Carbohydrate  CA 15.3","LOINC","90012-2","service","init.6f7a8b9c-0d1e-2f3a-4b5c-6d7e8f9a0b1c"
"init.antigen_carbohydrate_ca_125_ii","Antigen Carbohydrate Ca 125 II","LOINC","90013-3","service","init.6f7a8b9c-0d1e-2f3a-4b5c-6d7e8f9a0b1c"
"init.antigen_carbohydrate_ca_19_9","Antigen Carbohydrate CA 19.9","LOINC","90014-4","service","init.6f7a8b9c-0d1e-2f3a-4b5c-6d7e8f9a0b1c"
"init.antigene_carcino_embryonnaire_cea_ou_ace","Antigène Carcino-Embryonnaire (CEA ou ACE)","LOINC","90015-5","service","init.6f7a8b9c-0d1e-2f3a-4b5c-6d7e8f9a0b1c"
"init.antigene_libre_specifique_de_la_prostate_fpsa","Antigéne libre specifique de la prostate (FPSA)","LOINC","90016-6","service","init.6f7a8b9c-0d1e-2f3a-4b5c-6d7e8f9a0b1c"
"init.antigene_total_specifique_de_la_prostate_tpsa","Antigène total spécifique de la prostate (TPSA)","LOINC","90017-7","service","init.6f7a8b9c-0d1e-2f3a-4b5c-6d7e8f9a0b1c"
"init.apo_lipoproteines_a1_b","Apo lipoprotéines A1/B","LOINC","90018-8","service","init.6f7a8b9c-0d1e-2f3a-4b5c-6d7e8f9a0b1c"
"init.asat","ASAT","LOINC","90019-9","service","init.6f7a8b9c-0d1e-2f3a-4b5c-6d7e8f9a0b1c"
"init.aspect_plasma_serum","Aspect plasma/sérum","LOINC","90020-1","service","init.6f7a8b9c-0d1e-2f3a-4b5c-6d7e8f9a0b1c"
"init.beta_2_microglobuline_urinaire","Béta - 2 - Microglobuline urinaire","LOINC","90021-2","service","init.6f7a8b9c-0d1e-2f3a-4b5c-6d7e8f9a0b1c"
"init.beta_2_microglobuline_b2mg","Béta-2-Microglobuline (B2MG)","LOINC","90022-3","service","init.6f7a8b9c-0d1e-2f3a-4b5c-6d7e8f9a0b1c"
"init.bicarbonates_dialysat","Bicarbonates (Dialysat)","LOINC","90023-4","service","init.6f7a8b9c-0d1e-2f3a-4b5c-6d7e8f9a0b1c"
"init.bicarbonates_hco3_apres_dialyse_14","Bicarbonates (HCO3)  après dialyse_14#","LOINC","90024-5","service","init.6f7a8b9c-0d1e-2f3a-4b5c-6d7e8f9a0b1c"
"init.bicarbonates_hco3_avant_dialyse_14","Bicarbonates (HCO3)  avant dialyse_14#","LOINC","90025-6","service","init.6f7a8b9c-0d1e-2f3a-4b5c-6d7e8f9a0b1c"
"init.bicarbonates_standards_hco3std","Bicarbonates standards (HCO3std)","LOINC","90026-7","service","init.6f7a8b9c-0d1e-2f3a-4b5c-6d7e8f9a0b1c"
"init.bilan_thyroidien_tsh_ft4_ft3","Bilan thyroidien(TSH+FT4+FT3)","LOINC","90027-8","service","init.6f7a8b9c-0d1e-2f3a-4b5c-6d7e8f9a0b1c"
"init.bilirubine_conjuguee","Bilirubine Conjuguée","LOINC","90028-9","service","init.6f7a8b9c-0d1e-2f3a-4b5c-6d7e8f9a0b1c"
"init.bilirubine_totale","Bilirubine Totale","LOINC","90029-0","service","init.6f7a8b9c-0d1e-2f3a-4b5c-6d7e8f9a0b1c"
"init.bilirubinemie","Bilirubinémie.","LOINC","90030-2","service","init.6f7a8b9c-0d1e-2f3a-4b5c-6d7e8f9a0b1c"
"init.calcium_autres_liquides_de_ponction","Calcium (Autres liquides de ponction)","LOINC","90031-3","service","init.6f7a8b9c-0d1e-2f3a-4b5c-6d7e8f9a0b1c"
"init.calcium_dialysat","Calcium (Dialysat)","LOINC","90032-4","service","init.6f7a8b9c-0d1e-2f3a-4b5c-6d7e8f9a0b1c"
"init.calcium_ionise","Calcium Ionisé","LOINC","90033-5","service","init.6f7a8b9c-0d1e-2f3a-4b5c-6d7e8f9a0b1c"
"init.calcium_total","Calcium total","LOINC","90034-6","service","init.6f7a8b9c-0d1e-2f3a-4b5c-6d7e8f9a0b1c"
"init.chlorure_autres_liquides_de_ponction","Chlorure (Autres liquides de ponction)","LOINC","90035-7","service","init.6f7a8b9c-0d1e-2f3a-4b5c-6d7e8f9a0b1c"
"init.chlorure_dialysat","Chlorure (Dialysat)","LOINC","90036-8","service","init.6f7a8b9c-0d1e-2f3a-4b5c-6d7e8f9a0b1c"
"init.chlorures_chloremie","Chlorures (Chlorémie)","LOINC","90037-9","service","init.6f7a8b9c-0d1e-2f3a-4b5c-6d7e8f9a0b1c"
"init.cholesterol_autres_liquides_de_ponction","Cholesterol (Autres liquides de ponction)","LOINC","90038-0","service","init.6f7a8b9c-0d1e-2f3a-4b5c-6d7e8f9a0b1c"
"init.cholesterol_total","Cholestérol Total","LOINC","90039-1","service","init.6f7a8b9c-0d1e-2f3a-4b5c-6d7e8f9a0b1c"
"init.clairance_de_luree","Clairance de l°urée","LOINC","90040-3","service","init.6f7a8b9c-0d1e-2f3a-4b5c-6d7e8f9a0b1c"
"init.clairance_de_la_creatinine","Clairance de la créatinine","LOINC","90041-4","service","init.6f7a8b9c-0d1e-2f3a-4b5c-6d7e8f9a0b1c"
"init.corps_cetoniques","Corps cétoniques","LOINC","90042-5","service","init.6f7a8b9c-0d1e-2f3a-4b5c-6d7e8f9a0b1c"
"init.cortisol_8h_16h","Cortisol 8h+16h","LOINC","90043-6","service","init.6f7a8b9c-0d1e-2f3a-4b5c-6d7e8f9a0b1c"
"init.cortisolemie_a_16h","Cortisolémie à 16h","LOINC","90044-7","service","init.6f7a8b9c-0d1e-2f3a-4b5c-6d7e8f9a0b1c"
"init.cortisolemie_a_8h","Cortisolémie à 8h","LOINC","90045-8","service","init.6f7a8b9c-0d1e-2f3a-4b5c-6d7e8f9a0b1c"
"init.c_reactive_protein","C-Réactive Protein","LOINC","90046-9","service","init.6f7a8b9c-0d1e-2f3a-4b5c-6d7e8f9a0b1c"
"init.creatine_kinase_myocardique_ck_mb","Créatine Kinase Myocardique (CK - MB)","LOINC","90047-0","service","init.6f7a8b9c-0d1e-2f3a-4b5c-6d7e8f9a0b1c"
"init.creatine_kinase_totale","Créatine kinase totale","LOINC","90048-1","service","init.6f7a8b9c-0d1e-2f3a-4b5c-6d7e8f9a0b1c"
"init.creatinine","Créatinine","LOINC","90049-2","service","init.6f7a8b9c-0d1e-2f3a-4b5c-6d7e8f9a0b1c"
"init.creatinine_urinaire","Créatinine  urinaire","LOINC","90050-4","service","init.6f7a8b9c-0d1e-2f3a-4b5c-6d7e8f9a0b1c"
"init.creatinine_autres_liquides_de_ponction","Creatinine (Autres liquides de ponction)","LOINC","90051-5","service","init.6f7a8b9c-0d1e-2f3a-4b5c-6d7e8f9a0b1c"
"init.d_dimer_exclusion","D. Dimer exclusion","LOINC","90052-6","service","init.6f7a8b9c-0d1e-2f3a-4b5c-6d7e8f9a0b1c"
"init.densite_urinaire","Densité urinaire","LOINC","90053-7","service","init.6f7a8b9c-0d1e-2f3a-4b5c-6d7e8f9a0b1c"
"init.dosage_c3","Dosage C3","LOINC","90054-8","service","init.6f7a8b9c-0d1e-2f3a-4b5c-6d7e8f9a0b1c"
"init.dosage_c4","Dosage C4","LOINC","90055-9","service","init.6f7a8b9c-0d1e-2f3a-4b5c-6d7e8f9a0b1c"
"init.dosage_des_immunoglobulines_ig_a","Dosage des Immunoglobulines Ig A","LOINC","90056-0","service","init.6f7a8b9c-0d1e-2f3a-4b5c-6d7e8f9a0b1c"
"init.dosage_des_immunoglobulines_ig_g","Dosage des Immunoglobulines Ig G","LOINC","90057-1","service","init.6f7a8b9c-0d1e-2f3a-4b5c-6d7e8f9a0b1c"
"init.dosage_des_immunoglobulines_ig_m","Dosage des Immunoglobulines Ig M","LOINC","90058-2","service","init.6f7a8b9c-0d1e-2f3a-4b5c-6d7e8f9a0b1c"
"init.electrophorese_de_lhemoglobine_a_ph_acide_confirmation","Electrophorèse de l°Hemoglobine à ph acide (Confirmation)","LOINC","90059-3","service","init.6f7a8b9c-0d1e-2f3a-4b5c-6d7e8f9a0b1c"
"init.electrophorese_de_lhemoglobine_a_ph_alcalin_depistage","Electrophorèse de l°Hemoglobine à ph Alcalin (Dépistage)","LOINC","90060-5","service","init.6f7a8b9c-0d1e-2f3a-4b5c-6d7e8f9a0b1c"
"init.electrophorese_des_lipoproteines","Electrophorèse des Lipoprotéines","LOINC","90061-6","service","init.6f7a8b9c-0d1e-2f3a-4b5c-6d7e8f9a0b1c"
"init.electrophorese_des_proteines_seriques_eps","Electrophorèse des Protéines sériques (EPS)","LOINC","90062-7","service","init.6f7a8b9c-0d1e-2f3a-4b5c-6d7e8f9a0b1c"
"init.electrophorese_des_proteines_urinaires","Electrophorèse des Protéines Urinaires","LOINC","90063-8","service","init.6f7a8b9c-0d1e-2f3a-4b5c-6d7e8f9a0b1c"
"init.estradiol_ii","Estradiol II","LOINC","90064-9","service","init.6f7a8b9c-0d1e-2f3a-4b5c-6d7e8f9a0b1c"
"init.examen_a_la_bandelette_urinaire_urin10","Examen à la Bandelette urinaire (URIN10)","LOINC","90065-0","service","init.6f7a8b9c-0d1e-2f3a-4b5c-6d7e8f9a0b1c"
"init.examen_biochimique_des_urines_a_la_bandelette_urinaire_ou_asa","Examen biochimique des urines à la bandelette urinaire ( ou ASA)","LOINC","90066-1","service","init.6f7a8b9c-0d1e-2f3a-4b5c-6d7e8f9a0b1c"
"init.fer","Fer","LOINC","90067-2","service","init.6f7a8b9c-0d1e-2f3a-4b5c-6d7e8f9a0b1c"
"init.ferritine","Ferritine","LOINC","90068-3","service","init.6f7a8b9c-0d1e-2f3a-4b5c-6d7e8f9a0b1c"
"init.folliculing_stimuling_hormon_fsh","Folliculing Stimuling Hormon (FSH)","LOINC","90069-4","service","init.6f7a8b9c-0d1e-2f3a-4b5c-6d7e8f9a0b1c"
"init.fructosamines","Fructosamines","LOINC","90070-6","service","init.6f7a8b9c-0d1e-2f3a-4b5c-6d7e8f9a0b1c"
"init.gamma_glutamyl_transferase_ggt","Gamma Glutamyl-transferase (GGT)","LOINC","90071-7","service","init.6f7a8b9c-0d1e-2f3a-4b5c-6d7e8f9a0b1c"
"init.gaz_du_sang_arteriel","Gaz du sang arteriel","LOINC","90072-8","service","init.6f7a8b9c-0d1e-2f3a-4b5c-6d7e8f9a0b1c"
"init.glucose_autres_liquides_de_ponction","Glucose (Autres liquides de ponction)","LOINC","90073-9","service","init.6f7a8b9c-0d1e-2f3a-4b5c-6d7e8f9a0b1c"
"init.glucose_dialysat","Glucose (Dialysat)","LOINC","90074-0","service","init.6f7a8b9c-0d1e-2f3a-4b5c-6d7e8f9a0b1c"
"init.glycemie_a_12h","Glycémie à 12H","LOINC","90075-1","service","init.6f7a8b9c-0d1e-2f3a-4b5c-6d7e8f9a0b1c"
"init.glycemie_a_18h","Glycémie à 18H","LOINC","90076-2","service","init.6f7a8b9c-0d1e-2f3a-4b5c-6d7e8f9a0b1c"
"init.glycemie_a_6h","Glycémie à 6H","LOINC","90077-3","service","init.6f7a8b9c-0d1e-2f3a-4b5c-6d7e8f9a0b1c"
"init.glycemie_a_jeun","Glycémie à jeun","LOINC","90078-4","service","init.6f7a8b9c-0d1e-2f3a-4b5c-6d7e8f9a0b1c"
"init.glycemie_post_prandiale_2hrs","Glycémie post-prandiale (2hrs)","LOINC","90079-5","service","init.6f7a8b9c-0d1e-2f3a-4b5c-6d7e8f9a0b1c"
"init.glycosurie","Glycosurie","LOINC","90080-7","service","init.6f7a8b9c-0d1e-2f3a-4b5c-6d7e8f9a0b1c"
"init.haptoglobine_hapto","Haptoglobine (HAPTO)","LOINC","90081-8","service","init.6f7a8b9c-0d1e-2f3a-4b5c-6d7e8f9a0b1c"
"init.hdl_cholesterol_2","HDL-Cholestérol","LOINC","90082-9","service","init.6f7a8b9c-0d1e-2f3a-4b5c-6d7e8f9a0b1c"
"init.hemoglobine_glyquee_hba1c","Hémoglobine Glyquée (HbA1C)","LOINC","90083-0","service","init.6f7a8b9c-0d1e-2f3a-4b5c-6d7e8f9a0b1c"
"init.hgpo_t0_t60_t120","HGPO (T0 - T60 - T120)","LOINC","90084-1","service","init.6f7a8b9c-0d1e-2f3a-4b5c-6d7e8f9a0b1c"
"init.homocysteine","Homocystéine","LOINC","90085-2","service","init.6f7a8b9c-0d1e-2f3a-4b5c-6d7e8f9a0b1c"
"init.hormone_chronique_gonadotrope_beta_hcg","Hormone chronique gonadotrope (Béta-HCG)","LOINC","90086-3","service","init.6f7a8b9c-0d1e-2f3a-4b5c-6d7e8f9a0b1c"
"init.hyperglycemie_provoquee_par_voie_orale_simplifiee_hgpo_simplifiee","Hyperglycémie provoquée par voie orale simplifiée (HGPO SIMPLIFIEE)","LOINC","90087-4","service","init.6f7a8b9c-0d1e-2f3a-4b5c-6d7e8f9a0b1c"
"init.immunofixation_des_proteines_seriques_iep","ImmunoFixation des Protéines sériques (IEP)","LOINC","90088-5","service","init.6f7a8b9c-0d1e-2f3a-4b5c-6d7e8f9a0b1c"
"init.ionogramme","Ionogramme","LOINC","90089-6","service","init.6f7a8b9c-0d1e-2f3a-4b5c-6d7e8f9a0b1c"
"init.ionogramme_urinaire","Ionogramme urinaire","LOINC","90090-8","service","init.6f7a8b9c-0d1e-2f3a-4b5c-6d7e8f9a0b1c"
"init.lactates","Lactates","LOINC","90091-9","service","init.6f7a8b9c-0d1e-2f3a-4b5c-6d7e8f9a0b1c"
"init.lactico_deshydrogenase","Lactico-deshydrogénase","LOINC","90092-0","service","init.6f7a8b9c-0d1e-2f3a-4b5c-6d7e8f9a0b1c"
"init.ldl_cholesterol","LDL-Cholestérol","LOINC","90093-1","service","init.6f7a8b9c-0d1e-2f3a-4b5c-6d7e8f9a0b1c"
"init.lipase","Lipase","LOINC","90094-2","service","init.6f7a8b9c-0d1e-2f3a-4b5c-6d7e8f9a0b1c"
"init.lipasurie","Lipasurie","LOINC","90095-3","service","init.6f7a8b9c-0d1e-2f3a-4b5c-6d7e8f9a0b1c"
"init.liquide_cephalo_rachidien_lcr_biochimie","Liquide Céphalo-Rachidien (LCR - Biochimie)","LOINC","90096-4","service","init.6f7a8b9c-0d1e-2f3a-4b5c-6d7e8f9a0b1c"
"init.liquide_dascite_proteines","Liquide d°Ascite (Protéines)","LOINC","90097-5","service","init.6f7a8b9c-0d1e-2f3a-4b5c-6d7e8f9a0b1c"
"init.liquide_pleural_proteines","Liquide Pleural (Protéines)","LOINC","90098-6","service","init.6f7a8b9c-0d1e-2f3a-4b5c-6d7e8f9a0b1c"
"init.luteining_hormon_lh","Luteining Hormon (LH)","LOINC","90099-7","service","init.6f7a8b9c-0d1e-2f3a-4b5c-6d7e8f9a0b1c"
"init.magnesium","Magnesium","LOINC","90100-0","service","init.6f7a8b9c-0d1e-2f3a-4b5c-6d7e8f9a0b1c"
"init.magnesium_urinaire","Magnesium urinaire","LOINC","90101-1","service","init.6f7a8b9c-0d1e-2f3a-4b5c-6d7e8f9a0b1c"
"init.microalbumine","Microalbumine","LOINC","90102-2","service","init.6f7a8b9c-0d1e-2f3a-4b5c-6d7e8f9a0b1c"
"init.myoglobine","Myoglobine","LOINC","90103-3","service","init.6f7a8b9c-0d1e-2f3a-4b5c-6d7e8f9a0b1c"
"init.ph_sanguin","pH sanguin","LOINC","90104-4","service","init.6f7a8b9c-0d1e-2f3a-4b5c-6d7e8f9a0b1c"
"init.ph_urinaire","pH urinaire","LOINC","90105-5","service","init.6f7a8b9c-0d1e-2f3a-4b5c-6d7e8f9a0b1c"
"init.phosphatase_alcaline","Phosphatase Alcaline","LOINC","90106-6","service","init.6f7a8b9c-0d1e-2f3a-4b5c-6d7e8f9a0b1c"
"init.phosphore","Phosphore","LOINC","90107-7","service","init.6f7a8b9c-0d1e-2f3a-4b5c-6d7e8f9a0b1c"
"init.phosphore_autres_liquides_de_ponction","Phosphore (Autres liquides de ponction)","LOINC","90108-8","service","init.6f7a8b9c-0d1e-2f3a-4b5c-6d7e8f9a0b1c"
"init.phosphore_dialysat","Phosphore (Dialysat)","LOINC","90109-9","service","init.6f7a8b9c-0d1e-2f3a-4b5c-6d7e8f9a0b1c"
"init.phosphore_urinaire","Phosphore urinaire","LOINC","90110-1","service","init.6f7a8b9c-0d1e-2f3a-4b5c-6d7e8f9a0b1c"
"init.potassium_autres_liquides_de_ponction","Potassium (Autres liquides de ponction)","LOINC","90111-2","service","init.6f7a8b9c-0d1e-2f3a-4b5c-6d7e8f9a0b1c"
"init.potassium_dialysat","Potassium (Dialysat)","LOINC","90112-3","service","init.6f7a8b9c-0d1e-2f3a-4b5c-6d7e8f9a0b1c"
"init.potassium_kaliemie","Potassium (Kaliémie)","LOINC","90113-4","service","init.6f7a8b9c-0d1e-2f3a-4b5c-6d7e8f9a0b1c"
"init.pre_albumine_palb","Pré-albumine (PALB)","LOINC","90114-5","service","init.6f7a8b9c-0d1e-2f3a-4b5c-6d7e8f9a0b1c"
"init.progesterone","Progesterone","LOINC","90115-6","service","init.6f7a8b9c-0d1e-2f3a-4b5c-6d7e8f9a0b1c"
"init.prolactine","Prolactine","LOINC","90116-7","service","init.6f7a8b9c-0d1e-2f3a-4b5c-6d7e8f9a0b1c"
"init.proteines_autres_liquides_de_ponction","Protéines (Autres liquides de ponction)","LOINC","90117-8","service","init.6f7a8b9c-0d1e-2f3a-4b5c-6d7e8f9a0b1c"
"init.proteines_de_24h","Protéines de 24H","LOINC","90118-9","service","init.6f7a8b9c-0d1e-2f3a-4b5c-6d7e8f9a0b1c"
"init.proteines_totales","Protéines totales","LOINC","90119-0","service","init.6f7a8b9c-0d1e-2f3a-4b5c-6d7e8f9a0b1c"
"init.proteines_urinaires","Protéines urinaires","LOINC","90120-2","service","init.6f7a8b9c-0d1e-2f3a-4b5c-6d7e8f9a0b1c"
"init.rapport_a1_b","RAPPORT A1/B","LOINC","90121-3","service","init.6f7a8b9c-0d1e-2f3a-4b5c-6d7e8f9a0b1c"
"init.recherche_de_proteines_de_bence_jones_pbjs_7","Recherche de Protéines de Bence - Jones (PBJS)_7#","LOINC","90122-4","service","init.6f7a8b9c-0d1e-2f3a-4b5c-6d7e8f9a0b1c"
"init.recherche_de_proteines_de_bence_jones_urinaire_10","Recherche de Protéines de Bence - Jones (Urinaire)10#","LOINC","90123-5","service","init.6f7a8b9c-0d1e-2f3a-4b5c-6d7e8f9a0b1c"
"init.recherche_de_sang_dans_les_selles","Recherche de sang dans les selles","LOINC","90124-6","service","init.6f7a8b9c-0d1e-2f3a-4b5c-6d7e8f9a0b1c"
"init.sodium_autres_liquides_de_ponction","Sodium (Autres liquides de ponction)","LOINC","90125-7","service","init.6f7a8b9c-0d1e-2f3a-4b5c-6d7e8f9a0b1c"
"init.sodium_dialysat","Sodium (Dialysat)","LOINC","90126-8","service","init.6f7a8b9c-0d1e-2f3a-4b5c-6d7e8f9a0b1c"
"init.sodium_natremie","Sodium (Natrémie)","LOINC","90127-9","service","init.6f7a8b9c-0d1e-2f3a-4b5c-6d7e8f9a0b1c"
"init.test_d_osullivan_to_t60","TEST D° OSULLIVAN (TO - T60)","LOINC","90128-0","service","init.6f7a8b9c-0d1e-2f3a-4b5c-6d7e8f9a0b1c"
"init.test_de_grossesse","Test de grossesse","LOINC","90129-1","service","init.6f7a8b9c-0d1e-2f3a-4b5c-6d7e8f9a0b1c"
"init.test_de_osullivan_diagnostic","TEST DE O°SULLIVAN: Diagnostic","LOINC","90130-3","service","init.6f7a8b9c-0d1e-2f3a-4b5c-6d7e8f9a0b1c"
"init.testosterone","Testostérone","LOINC","90131-4","service","init.6f7a8b9c-0d1e-2f3a-4b5c-6d7e8f9a0b1c"
"init.thyroidin_stimulating_hormon_tsh","Thyroidin stimulating hormon (TSH)","LOINC","90132-5","service","init.6f7a8b9c-0d1e-2f3a-4b5c-6d7e8f9a0b1c"
"init.thyroxine_libre_ft4","Thyroxine libre (FT4)","LOINC","90133-6","service","init.6f7a8b9c-0d1e-2f3a-4b5c-6d7e8f9a0b1c"
"init.transaminase","Transaminase.","LOINC","90134-7","service","init.6f7a8b9c-0d1e-2f3a-4b5c-6d7e8f9a0b1c"
"init.transaminases","Transaminases","LOINC","90135-8","service","init.6f7a8b9c-0d1e-2f3a-4b5c-6d7e8f9a0b1c"
"init.transferine","Transferine","LOINC","90136-9","service","init.6f7a8b9c-0d1e-2f3a-4b5c-6d7e8f9a0b1c"
"init.triglycerides","Triglycérides","LOINC","90137-0","service","init.6f7a8b9c-0d1e-2f3a-4b5c-6d7e8f9a0b1c"
"init.triglycerides_autres_liquides_de_ponction","Triglycerides (Autres liquides de ponction)","LOINC","90138-1","service","init.6f7a8b9c-0d1e-2f3a-4b5c-6d7e8f9a0b1c"
"init.tri_lodothyronine_libre_ft3","Tri-lodothyronine libre(ft3)","LOINC","90139-2","service","init.6f7a8b9c-0d1e-2f3a-4b5c-6d7e8f9a0b1c"
"init.troponine_hypersensible_tnhs","TROPONINE Hypersensible (TNHS)","LOINC","90140-4","service","init.6f7a8b9c-0d1e-2f3a-4b5c-6d7e8f9a0b1c"
"init.uree_autres_liquides_de_ponction","Urée (Autres liquides de ponction)","LOINC","90141-5","service","init.6f7a8b9c-0d1e-2f3a-4b5c-6d7e8f9a0b1c"
"init.uree_ou_azotemie","Urée ou (azotémie)","LOINC","90142-6","service","init.6f7a8b9c-0d1e-2f3a-4b5c-6d7e8f9a0b1c"
"init.uree_urinaire","Urée urinaire","LOINC","90143-7","service","init.6f7a8b9c-0d1e-2f3a-4b5c-6d7e8f9a0b1c"
"init.urobilinogene_et_bilirubine","Urobilinogène et bilirubine","LOINC","90144-8","service","init.6f7a8b9c-0d1e-2f3a-4b5c-6d7e8f9a0b1c"
